timestamp,chiller_temp_in,chiller_temp_out,cooling_tower_temp,humidity,flow_rate,pressure,status
2026-04-16 23:00:29.291154,10,6,31,59,127,3.17,WARNING
2026-04-16 23:00:34.296672,12,9,31,65,119,2.33,WARNING
2026-04-16 23:00:39.300004,12,6,33,56,102,2.11,OK
2026-04-16 23:00:44.306064,10,8,32,60,124,2.62,ERROR
2026-04-16 23:00:49.308371,14,8,34,52,107,2.3,OK
2026-04-16 23:00:54.314339,15,11,31,66,123,3.46,WARNING
2026-04-16 23:00:59.320460,13,10,31,71,115,3.08,WARNING
2026-04-16 23:01:04.326428,16,10,34,67,100,2.94,OK
2026-04-16 23:01:09.330702,16,10,33,67,125,2.21,OK
2026-04-16 23:01:14.332944,12,6,28,72,114,3.37,OK
2026-04-16 23:01:19.338109,15,13,30,71,105,2.95,ERROR
2026-04-16 23:01:24.342643,10,5,35,65,103,2.87,OK
2026-04-16 23:01:29.343747,12,6,31,71,118,3.05,OK
2026-04-16 23:01:34.349715,10,9,29,62,101,2.06,ERROR
2026-04-16 23:01:39.350742,16,12,31,71,122,2.86,WARNING
2026-04-16 23:01:44.356674,12,11,34,53,130,3.22,ERROR
2026-04-17 00:29:20.737085,11,6,32,59,100,2.6,OK
2026-04-17 00:29:25.742289,13,12,31,67,127,2.28,ERROR
2026-04-17 00:29:30.748440,12,11,32,55,114,2.69,ERROR
2026-04-17 00:36:31.675284,15,9,30,65,105,2.1,OK
2026-04-17 00:36:36.680476,15,12,28,52,124,2.27,WARNING
2026-04-17 00:36:41.686483,15,9,30,63,103,2.38,OK
2026-04-17 00:36:46.691840,13,12,29,57,100,3.35,ERROR
2026-04-17 00:36:51.695257,15,13,36,63,101,2.64,ERROR
2026-04-17 00:36:56.699686,16,15,28,75,104,2.98,ERROR
2026-04-17 00:37:01.704234,12,11,29,52,116,2.07,ERROR
2026-04-17 00:37:06.710026,14,10,36,58,114,2.76,WARNING
2026-04-17 00:37:11.715825,14,10,31,58,127,3.02,WARNING
2026-04-17 00:37:16.720899,16,10,29,55,117,2.7,OK
2026-04-17 00:37:21.725386,12,6,35,51,108,3.08,OK
2026-04-17 00:37:26.730729,11,9,35,58,101,2.75,ERROR
2026-04-17 00:37:31.735611,10,4,31,52,118,2.38,OK
2026-04-17 00:37:36.740460,15,11,32,55,102,3.48,WARNING
2026-04-17 00:37:41.744009,11,9,36,65,126,2.93,ERROR
2026-04-17 00:37:46.745808,15,10,32,62,125,2.91,OK
2026-04-17 00:37:51.751137,11,7,36,64,105,3.3,WARNING
2026-04-17 00:37:56.753312,14,8,34,54,127,2.59,OK
2026-04-17 00:38:01.759048,13,7,30,64,118,2.74,OK
2026-04-17 00:38:06.764257,14,9,30,50,116,2.79,OK
2026-04-17 00:38:11.768303,10,9,33,72,101,2.03,ERROR
2026-04-17 00:38:16.771122,13,9,28,60,121,2.03,WARNING
2026-04-17 00:38:21.776178,11,9,35,65,127,3.46,ERROR
2026-04-17 00:38:26.779080,11,9,34,71,118,2.17,ERROR
2026-04-17 00:38:31.783984,15,11,32,62,107,3.27,WARNING
2026-04-17 00:38:36.789549,13,7,36,56,127,3.11,OK
2026-04-17 00:38:41.794890,15,14,30,75,106,2.63,ERROR
2026-04-17 00:38:46.800853,13,7,35,59,116,3.21,OK
2026-04-17 00:38:51.806206,11,8,28,66,119,3.12,WARNING
2026-04-17 00:38:56.810433,15,9,32,59,121,2.76,OK
2026-04-17 00:39:01.815753,12,11,32,71,123,2.73,ERROR
2026-04-17 00:39:06.817476,12,10,32,59,116,2.83,ERROR
2026-04-17 00:39:11.823921,10,8,30,75,100,2.01,ERROR
2026-04-17 00:39:16.830026,10,9,35,68,118,2.16,ERROR
2026-04-17 00:39:21.836216,16,12,31,56,115,2.92,WARNING
2026-04-17 00:39:26.842432,14,9,34,69,107,2.72,OK
2026-04-17 00:39:31.848498,15,12,33,61,108,3.08,WARNING
2026-04-17 00:39:36.853997,13,9,35,64,105,3.46,WARNING
2026-04-17 00:39:41.860265,14,13,36,64,107,3.36,ERROR
2026-04-17 00:39:46.863338,10,9,30,56,125,2.3,ERROR
2026-04-17 00:39:51.869954,15,9,35,51,118,3.26,OK
2026-04-17 00:39:56.875260,14,8,36,50,129,3.11,OK
2026-04-17 00:40:01.879016,14,9,29,71,101,2.23,OK
2026-04-17 00:40:06.882024,10,4,28,73,119,2.34,OK
2026-04-17 00:40:11.884102,12,10,29,71,119,2.11,ERROR
2026-04-17 00:40:16.886941,13,8,28,53,123,2.48,OK
2026-04-17 00:40:21.890979,12,11,36,53,114,2.25,ERROR
2026-04-17 00:40:26.895621,12,8,29,66,118,3.24,WARNING
2026-04-17 00:40:31.901979,10,6,36,74,123,2.46,WARNING
2026-04-17 00:40:36.907335,11,8,33,57,119,3.24,WARNING
2026-04-17 00:40:41.911216,14,13,32,60,117,2.66,ERROR
2026-04-17 00:40:46.916944,11,6,29,56,106,2.92,OK
2026-04-17 00:40:51.925458,16,15,31,70,114,2.58,ERROR
2026-04-17 00:40:56.928935,15,14,29,63,128,3.15,ERROR
2026-04-17 00:41:01.933618,13,10,35,71,101,2.73,WARNING
2026-04-17 00:41:06.939531,15,10,30,70,125,3.05,OK
2026-04-17 00:41:11.946287,15,14,36,60,113,3.23,ERROR
2026-04-17 00:41:16.952109,10,6,32,68,121,3.11,WARNING
2026-04-17 00:41:21.954298,13,7,33,69,111,2.66,OK
2026-04-17 00:41:26.960278,11,6,31,51,117,2.37,OK
2026-04-17 00:41:31.963916,16,13,36,65,105,3.41,WARNING
2026-04-17 00:41:36.969805,13,10,33,73,107,2.44,WARNING
2026-04-17 00:41:41.976412,10,9,36,72,121,2.74,ERROR
2026-04-17 00:41:46.977664,16,13,29,66,127,2.49,WARNING
2026-04-17 00:41:51.983128,11,10,33,54,128,3.03,ERROR
2026-04-17 00:41:56.989048,13,11,31,55,110,2.82,ERROR
2026-04-17 00:42:01.995098,16,12,36,63,107,3.29,WARNING
2026-04-17 00:42:07.001134,16,13,34,50,117,2.13,WARNING
2026-04-17 00:42:12.002768,10,7,32,65,122,3.34,WARNING
2026-04-17 00:42:17.009612,13,11,36,54,126,3.16,ERROR
2026-04-17 00:42:22.015563,10,4,30,74,112,2.31,OK
2026-04-17 00:42:27.020621,10,8,30,75,103,2.65,ERROR
2026-04-17 00:42:32.026704,11,9,35,69,100,2.22,ERROR
2026-04-17 00:42:37.029219,16,13,29,58,106,3.29,WARNING
2026-04-17 00:42:42.035592,16,15,35,54,113,3.35,ERROR
2026-04-17 00:42:47.036202,14,10,33,56,114,2.23,WARNING
2026-04-17 00:42:52.042617,16,11,33,57,106,3.32,OK
2026-04-17 00:42:57.048782,13,10,28,73,112,2.7,WARNING
2026-04-17 00:43:02.054195,10,9,31,71,116,2.99,ERROR
2026-04-17 00:43:07.059506,14,10,30,66,130,3.3,WARNING
2026-04-17 00:43:12.060945,11,5,33,74,121,3.22,OK
2026-04-17 00:43:17.066683,15,14,35,64,126,2.99,ERROR
2026-04-17 00:43:22.069389,12,8,31,50,103,2.24,WARNING
2026-04-17 00:43:27.075537,13,8,31,54,113,3.5,OK
2026-04-17 00:43:32.077533,14,11,36,65,116,2.9,WARNING
2026-04-17 00:43:37.083163,15,14,36,75,115,2.48,ERROR
2026-04-17 00:43:42.089244,14,10,31,74,123,2.23,WARNING
2026-04-17 00:43:47.091809,13,12,28,59,109,2.59,ERROR
2026-04-17 00:43:52.094163,14,13,28,64,105,2.95,ERROR
2026-04-17 00:43:57.099886,12,10,35,52,109,2.5,ERROR
2026-04-17 00:44:02.102744,12,7,30,61,111,2.06,OK
2026-04-17 00:44:07.108441,11,6,30,61,100,3.03,OK
2026-04-17 00:44:12.111941,14,13,36,62,119,2.6,ERROR
2026-04-17 00:44:17.114356,12,8,32,56,102,2.71,WARNING
2026-04-17 00:44:22.120174,14,9,31,75,101,3.47,OK
2026-04-17 00:44:27.126230,10,4,29,61,109,2.77,OK
2026-04-17 00:44:32.128572,10,9,32,55,108,2.71,ERROR
2026-04-17 00:44:37.134991,11,10,30,61,114,2.35,ERROR
2026-04-17 00:44:42.136382,15,13,36,62,116,3.35,ERROR
2026-04-17 00:44:47.143125,13,9,30,59,104,2.62,WARNING
2026-04-17 00:44:52.149184,13,11,35,70,119,2.56,ERROR
2026-04-17 00:44:57.155237,13,11,35,72,109,2.9,ERROR
2026-04-17 00:45:02.161045,16,10,31,69,103,3.04,OK
2026-04-17 00:45:07.166945,16,11,33,60,119,3.06,OK
2026-04-17 00:45:12.170924,12,6,29,62,103,3.29,OK
2026-04-17 00:45:17.176310,15,10,30,59,119,2.46,OK
2026-04-17 00:45:22.183100,10,9,34,69,126,3.17,ERROR
2026-04-17 00:45:27.189029,12,7,33,62,130,2.94,OK
2026-04-17 00:45:32.190049,15,13,34,74,127,3.09,ERROR
2026-04-17 00:45:37.194010,16,12,31,75,105,2.74,WARNING
2026-04-17 00:45:42.199885,15,13,32,57,118,2.77,ERROR
2026-04-17 00:45:47.205196,11,10,34,54,102,2.27,ERROR
2026-04-17 00:45:52.211212,12,10,35,55,120,2.89,ERROR
2026-04-17 00:45:57.211820,14,10,31,57,118,2.36,WARNING
2026-04-17 00:46:02.218286,16,10,31,68,127,2.94,OK
2026-04-17 00:46:07.223925,15,12,30,70,121,3.47,WARNING
2026-04-17 00:46:12.227401,16,14,34,62,122,3.02,ERROR
2026-04-17 00:46:17.233500,14,11,34,71,110,2.07,WARNING
2026-04-17 00:46:22.237991,12,11,32,57,107,3.17,ERROR
2026-04-17 00:46:27.243190,13,10,32,61,103,2.68,WARNING
2026-04-17 00:46:32.249443,15,13,30,52,113,2.34,ERROR
2026-04-17 00:46:37.250658,15,12,36,55,108,2.08,WARNING
2026-04-17 00:46:42.256285,15,10,29,52,117,3.34,OK
2026-04-17 00:46:47.262329,15,12,31,72,120,2.58,WARNING
2026-04-17 00:46:52.268275,10,7,30,55,120,3.19,WARNING
2026-04-17 00:46:57.274374,16,10,29,52,111,2.22,OK
2026-04-17 00:47:02.278297,13,12,28,53,102,3.12,ERROR
2026-04-17 00:47:07.282048,10,4,35,73,100,2.25,OK
2026-04-17 00:47:12.287654,12,8,28,70,101,3.3,WARNING
2026-04-17 00:47:17.292129,14,8,34,62,105,3.48,OK
2026-04-17 00:47:22.293892,12,11,29,60,125,2.2,ERROR
2026-04-17 00:47:27.300081,15,9,31,60,111,2.8,OK
2026-04-17 00:47:32.305858,13,8,34,51,127,3.29,OK
2026-04-17 00:47:37.311741,15,9,34,73,130,2.16,OK
2026-04-17 00:47:42.317310,15,10,34,64,124,2.46,OK
2026-04-17 00:47:47.322773,13,8,32,52,113,2.7,OK
2026-04-17 00:47:52.328220,14,9,33,63,121,2.23,OK
2026-04-17 00:47:57.329962,14,11,32,54,107,2.83,WARNING
2026-04-17 00:48:02.336021,16,13,35,65,123,3.31,WARNING
2026-04-17 00:48:07.337848,11,5,31,63,106,2.2,OK
2026-04-17 00:48:12.343786,16,15,36,75,109,2.52,ERROR
2026-04-17 00:48:17.344825,11,6,36,75,103,2.72,OK
2026-04-17 00:48:22.350835,16,11,28,64,129,2.92,OK
2026-04-17 00:48:27.356832,11,10,35,64,123,2.45,ERROR
2026-04-17 00:48:32.362880,11,8,29,56,125,2.93,WARNING
2026-04-17 00:48:37.367054,11,7,31,74,130,2.79,WARNING
2026-04-17 00:48:42.371820,16,14,29,50,118,3.43,ERROR
2026-04-17 00:48:47.377871,16,15,30,72,105,3.03,ERROR
2026-04-17 00:48:52.379972,13,11,35,63,108,3.46,ERROR
2026-04-17 00:48:57.385795,12,9,29,69,116,2.09,WARNING
2026-04-17 00:49:02.391793,12,6,33,54,125,2.93,OK
2026-04-17 00:49:07.394829,11,5,28,75,120,2.65,OK
2026-04-17 00:49:12.400661,15,14,31,58,104,2.69,ERROR
2026-04-17 00:49:17.406577,15,13,31,70,115,2.58,ERROR
2026-04-17 00:49:22.412681,12,10,28,74,122,2.51,ERROR
2026-04-17 00:49:27.415117,15,10,34,71,100,3.04,OK
2026-04-17 00:49:32.419919,16,14,29,51,116,2.4,ERROR
2026-04-17 00:49:37.425969,11,10,36,62,100,2.22,ERROR
2026-04-17 00:49:42.430323,15,14,33,65,107,2.52,ERROR
2026-04-17 00:49:47.435995,11,6,35,70,104,3.09,OK
2026-04-17 00:49:52.440838,13,10,36,51,106,2.17,WARNING
2026-04-17 00:49:57.447814,13,8,34,73,106,3.15,OK
2026-04-17 00:50:03.725578,12,9,32,68,123,3.11,WARNING
2026-04-17 00:50:08.736670,14,12,32,73,104,3.15,ERROR
2026-04-17 00:50:13.737436,10,6,33,70,116,2.63,WARNING
2026-04-17 00:50:18.742427,10,9,36,53,130,3.36,ERROR
2026-04-17 00:50:23.748232,13,9,35,68,110,3.28,WARNING
2026-04-17 00:50:28.753376,11,9,31,71,121,2.94,ERROR
2026-04-17 00:50:33.759026,16,10,32,52,121,2.51,OK
2026-04-17 00:50:38.764811,15,12,34,65,106,2.72,WARNING
2026-04-17 00:50:43.770661,12,9,33,65,110,2.93,WARNING
2026-04-17 00:50:48.776535,12,9,28,73,113,2.99,WARNING
2026-04-17 00:50:53.777915,16,11,32,68,104,2.63,OK
2026-04-17 00:50:58.779784,16,14,33,50,126,2.79,ERROR
2026-04-17 00:51:03.781279,10,4,35,56,120,3.18,OK
2026-04-17 00:51:08.787664,14,12,30,68,113,3.37,ERROR
2026-04-17 00:51:13.793178,15,14,36,70,100,3.21,ERROR
2026-04-17 00:51:18.793977,12,6,34,51,105,3.13,OK
2026-04-17 00:51:23.795532,13,7,34,73,113,2.23,OK
2026-04-17 00:51:28.796007,13,10,35,50,111,2.32,WARNING
2026-04-17 00:51:33.798495,12,8,35,60,112,2.58,WARNING
2026-04-17 00:51:38.801961,12,9,35,50,122,2.75,WARNING
2026-04-17 00:51:43.807316,15,12,31,52,116,2.85,WARNING
2026-04-17 00:51:48.812709,13,8,28,67,126,2.19,OK
2026-04-17 00:51:53.814723,15,9,31,68,120,3.18,OK
2026-04-17 00:51:58.821434,15,9,28,60,100,2.34,OK
2026-04-17 00:52:03.828595,16,15,32,55,127,2.23,ERROR
2026-04-17 00:52:08.832098,14,9,28,62,101,2.77,OK
2026-04-17 00:52:13.834148,13,7,29,51,115,2.0,OK
2026-04-17 00:52:18.839557,13,7,34,60,103,2.01,OK
2026-04-17 00:52:23.845048,10,6,36,64,125,2.96,WARNING
2026-04-17 00:52:28.850858,15,10,32,50,104,2.96,OK
2026-04-17 00:52:33.855531,11,7,32,55,118,2.85,WARNING
2026-04-17 00:52:38.861480,15,10,28,50,115,2.63,OK
2026-04-17 00:52:43.866021,13,11,30,69,104,2.23,ERROR
2026-04-17 00:52:48.871056,10,7,34,75,102,3.3,WARNING
2026-04-17 00:52:53.874042,10,4,28,51,115,2.86,OK
2026-04-17 00:52:58.876840,11,9,32,60,107,2.58,ERROR
2026-04-17 00:53:03.882400,11,9,28,60,113,2.94,ERROR
2026-04-17 00:53:08.887827,14,10,31,64,103,2.65,WARNING
2026-04-17 00:53:13.892973,14,11,30,57,129,2.61,WARNING
2026-04-17 00:53:18.897007,15,14,33,59,104,2.75,ERROR
2026-04-17 00:53:23.902429,12,9,34,74,127,2.36,WARNING
2026-04-17 00:53:28.908465,16,13,31,64,119,2.38,WARNING
2026-04-17 00:53:33.912628,12,9,28,75,126,2.88,WARNING
2026-04-17 00:53:38.915143,12,10,29,75,122,2.51,ERROR
2026-04-17 00:53:43.920580,12,8,33,60,109,2.87,WARNING
2026-04-17 00:53:48.922774,13,7,36,72,122,2.02,OK
2026-04-17 00:53:53.928710,14,9,32,53,115,2.01,OK
2026-04-17 00:53:58.934161,16,12,29,74,100,2.68,WARNING
2026-04-17 00:54:03.938010,11,7,32,60,116,2.62,WARNING
2026-04-17 00:54:08.944006,14,8,35,70,123,2.55,OK
2026-04-17 00:54:13.961430,12,11,28,68,109,2.96,ERROR
2026-04-17 00:54:18.967169,16,10,30,54,115,3.16,OK
2026-04-17 00:54:23.973244,15,9,33,68,122,2.26,OK
2026-04-17 00:54:28.978531,10,5,28,56,106,3.21,OK
2026-04-17 00:54:33.985677,12,8,31,50,125,2.66,WARNING
2026-04-17 00:54:38.990337,11,10,28,51,110,3.43,ERROR
2026-04-17 00:54:43.995777,13,12,35,56,122,2.83,ERROR
2026-04-17 00:54:49.001560,12,9,35,61,123,2.06,WARNING
2026-04-17 00:54:54.007771,15,10,35,65,121,3.23,OK
2026-04-17 00:54:59.013394,16,11,28,64,127,3.42,OK
2026-04-17 00:55:04.018368,16,13,31,66,123,2.24,WARNING
2026-04-17 00:55:09.024574,11,6,29,51,107,3.13,OK
2026-04-17 00:55:14.030144,11,7,33,74,112,2.01,WARNING
2026-04-17 00:55:19.036153,13,8,31,53,129,3.03,OK
2026-04-17 00:55:24.039129,16,11,29,59,101,3.45,OK
2026-04-17 00:55:29.040234,16,14,33,70,108,2.22,ERROR
2026-04-17 00:55:34.046299,15,12,29,72,110,3.4,WARNING
2026-04-17 00:55:39.049080,11,6,35,72,129,2.16,OK
2026-04-17 00:55:44.055302,12,6,29,70,124,3.13,OK
2026-04-17 00:55:49.056770,16,11,33,69,122,2.29,OK
2026-04-17 00:55:54.058682,14,10,32,51,107,2.35,WARNING
2026-04-17 00:55:59.063989,10,6,28,50,102,2.52,WARNING
2026-04-17 00:56:04.068338,12,9,29,61,107,3.47,WARNING
2026-04-17 00:56:09.074932,14,8,28,59,129,2.7,OK
2026-04-17 00:56:14.080026,15,13,33,64,124,2.39,ERROR
2026-04-17 00:56:19.085817,14,11,35,62,103,3.25,WARNING
2026-04-17 00:56:24.091339,16,10,36,71,100,2.33,OK
2026-04-17 00:56:29.095448,14,9,34,56,129,2.76,OK
2026-04-17 00:56:34.101527,16,15,31,57,110,3.43,ERROR
2026-04-17 00:56:39.107576,10,5,28,62,120,2.55,OK
2026-04-17 00:56:44.113545,16,13,36,59,122,2.21,WARNING
2026-04-17 00:56:49.116777,10,9,32,51,110,3.21,ERROR
2026-04-17 00:56:54.121193,15,9,35,63,100,2.32,OK
2026-04-17 00:56:59.126171,15,12,33,53,129,2.25,WARNING
2026-04-17 00:57:04.133084,15,14,29,58,113,2.56,ERROR
2026-04-17 00:57:09.138589,13,11,30,75,107,3.45,ERROR
2026-04-17 00:57:14.140884,15,11,30,60,105,3.17,WARNING
2026-04-17 00:57:19.142251,13,11,30,75,117,3.42,ERROR
2026-04-17 00:57:24.148148,14,12,30,67,127,3.49,ERROR
2026-04-17 00:57:29.153498,13,8,32,65,103,3.28,OK
2026-04-17 00:57:34.157398,16,12,31,61,100,3.49,WARNING
2026-04-17 00:57:39.162760,16,12,32,51,126,2.82,WARNING
2026-04-17 00:57:44.168174,16,10,32,71,117,3.07,OK
2026-04-17 00:57:49.173742,10,6,36,55,124,2.73,WARNING
2026-04-17 00:57:54.179870,11,10,33,55,105,2.46,ERROR
2026-04-17 00:57:59.183842,14,10,34,52,128,3.18,WARNING
2026-04-17 00:58:04.189521,10,6,35,52,114,2.36,WARNING
2026-04-17 00:58:09.195537,16,11,36,72,123,2.72,OK
2026-04-17 00:58:14.197798,11,10,34,50,122,2.14,ERROR
2026-04-17 00:58:19.203388,11,5,36,57,111,3.02,OK
2026-04-17 00:58:24.209368,10,7,31,69,113,2.25,WARNING
2026-04-17 00:58:29.215457,15,14,36,72,121,3.27,ERROR
2026-04-17 00:58:34.220521,14,11,35,54,114,2.23,WARNING
2026-04-17 00:58:39.222644,13,7,34,55,106,2.51,OK
2026-04-17 00:58:44.228654,16,14,32,57,125,2.11,ERROR
2026-04-17 00:58:49.234759,15,12,32,55,105,2.09,WARNING
2026-04-17 00:58:54.240627,10,9,28,58,119,3.45,ERROR
2026-04-17 00:58:59.244984,15,11,35,62,130,2.27,WARNING
2026-04-17 00:59:04.250297,13,9,33,57,116,2.26,WARNING
2026-04-17 00:59:09.253437,15,11,30,51,117,2.25,WARNING
2026-04-17 00:59:14.254623,12,8,32,70,127,3.1,WARNING
2026-04-17 00:59:19.255805,12,10,28,60,129,2.24,ERROR
2026-04-17 00:59:24.262083,10,7,31,71,107,2.19,WARNING
2026-04-17 00:59:29.264539,13,10,29,54,130,2.96,WARNING
2026-04-17 00:59:34.270320,10,6,33,63,106,3.06,WARNING
2026-04-17 00:59:39.275833,12,8,33,72,104,2.99,WARNING
2026-04-17 00:59:44.281716,10,9,34,51,121,2.93,ERROR
2026-04-17 00:59:49.287444,15,13,28,72,111,2.83,ERROR
2026-04-17 00:59:54.290526,10,9,28,62,113,2.04,ERROR
2026-04-17 00:59:59.295619,15,9,35,66,120,3.14,OK
2026-04-17 01:00:04.301985,14,13,34,74,110,2.72,ERROR
2026-04-17 01:00:09.305056,15,12,34,70,123,3.26,WARNING
2026-04-17 01:00:14.310549,10,4,35,52,118,2.54,OK
2026-04-17 01:00:19.315896,14,12,35,63,125,3.26,ERROR
2026-04-17 01:00:24.321972,16,10,30,70,130,2.65,OK
2026-04-17 01:00:29.324422,15,12,28,50,129,2.49,WARNING
2026-04-17 01:00:34.329916,13,9,30,52,120,3.46,WARNING
2026-04-17 01:00:39.335921,16,15,32,51,103,2.19,ERROR
2026-04-17 01:00:44.342024,16,11,36,65,122,2.47,OK
2026-04-17 01:00:49.347641,16,10,33,74,122,3.04,OK
2026-04-17 01:00:54.352890,14,8,32,60,126,3.19,OK
2026-04-17 01:00:59.358692,10,6,34,60,114,2.73,WARNING
2026-04-17 01:01:04.363972,13,11,36,56,114,3.05,ERROR
2026-04-17 01:01:09.366149,15,11,35,62,100,2.64,WARNING
2026-04-17 01:01:14.368934,11,8,34,70,114,2.99,WARNING
2026-04-17 01:01:19.371125,11,7,35,70,105,2.77,WARNING
2026-04-17 01:01:24.375373,11,8,28,55,106,2.39,WARNING
2026-04-17 01:01:29.378270,14,8,36,63,121,2.53,OK
2026-04-17 01:01:34.379115,16,12,31,67,112,2.23,WARNING
2026-04-17 01:01:39.384265,14,9,36,67,113,2.29,OK
2026-04-17 01:01:44.388731,12,9,28,53,129,3.07,WARNING
2026-04-17 01:01:49.394429,16,15,36,65,116,2.61,ERROR
2026-04-17 01:01:54.396682,12,7,29,75,121,2.08,OK
2026-04-17 01:01:59.402497,11,6,31,58,106,2.6,OK
2026-04-17 01:02:04.408522,10,5,36,71,100,2.78,OK
2026-04-17 01:02:09.411103,11,6,36,68,128,2.42,OK
2026-04-17 01:02:14.412046,15,11,32,75,110,2.65,WARNING
2026-04-17 01:02:19.414119,12,8,31,60,107,2.2,WARNING
2026-04-17 01:02:24.419771,14,12,30,61,118,2.58,ERROR
2026-04-17 01:02:29.425165,15,11,36,54,101,2.94,WARNING
2026-04-17 01:02:34.430473,15,11,36,50,123,3.36,WARNING
2026-04-17 01:02:39.435890,15,9,33,66,109,2.96,OK
2026-04-17 01:02:44.440689,12,7,36,63,127,2.03,OK
2026-04-17 01:02:49.445269,13,9,35,51,107,3.47,WARNING
2026-04-17 01:02:54.450691,10,9,29,60,130,2.66,ERROR
2026-04-17 01:02:59.456097,12,7,34,63,121,3.16,OK
2026-04-17 01:03:04.462103,16,11,31,64,124,3.01,OK
2026-04-17 01:03:09.464559,14,10,29,69,121,2.11,WARNING
2026-04-17 01:03:14.470591,14,9,29,73,115,3.34,OK
2026-04-17 01:03:19.474349,13,11,29,68,129,2.91,ERROR
2026-04-17 01:03:24.477976,13,12,30,59,113,2.18,ERROR
2026-04-17 01:03:29.483905,14,8,36,68,101,3.37,OK
2026-04-17 01:03:34.489856,14,12,35,59,108,2.45,ERROR
2026-04-17 01:03:39.493445,11,5,29,54,119,3.43,OK
2026-04-17 01:03:44.498196,11,10,32,72,116,2.89,ERROR
2026-04-17 01:03:49.501978,10,8,35,56,130,3.33,ERROR
2026-04-17 01:03:54.507974,11,7,36,57,130,2.09,WARNING
2026-04-17 01:03:59.510551,15,9,30,53,124,2.02,OK
2026-04-17 01:04:04.511912,16,15,30,55,117,2.76,ERROR
2026-04-17 01:04:09.517470,12,10,31,72,111,2.19,ERROR
2026-04-17 01:04:14.522628,15,9,29,56,127,3.19,OK
2026-04-17 01:04:19.527749,15,13,35,57,129,3.31,ERROR
2026-04-17 01:04:24.533019,10,4,36,67,107,2.6,OK
2026-04-17 01:04:29.538626,15,12,29,56,112,2.99,WARNING
2026-04-17 01:04:34.543964,11,7,29,55,122,2.33,WARNING
2026-04-17 01:04:39.546682,15,10,32,68,111,2.02,OK
2026-04-17 01:04:44.552165,10,8,30,75,109,2.67,ERROR
2026-04-17 01:04:49.557931,12,10,31,57,128,3.24,ERROR
2026-04-17 01:04:54.563944,12,9,35,58,117,3.4,WARNING
2026-04-17 01:04:59.569529,11,6,28,63,117,2.64,OK
2026-04-17 01:05:04.575265,15,9,35,52,122,3.24,OK
2026-04-17 01:05:09.577531,16,13,33,52,103,2.58,WARNING
2026-04-17 01:05:14.579361,12,9,35,70,126,2.86,WARNING
2026-04-17 01:05:19.585094,12,11,35,74,103,2.35,ERROR
2026-04-17 01:05:24.591411,16,15,35,70,124,2.56,ERROR
2026-04-17 01:05:29.595954,12,11,36,63,100,3.12,ERROR
2026-04-17 01:05:34.600909,11,6,33,66,116,2.97,OK
2026-04-17 01:05:39.606872,11,8,31,75,112,3.22,WARNING
2026-04-17 01:05:44.609668,15,9,31,67,117,3.09,OK
2026-04-17 01:05:49.612590,12,11,34,61,106,3.13,ERROR
2026-04-17 01:05:54.619519,11,6,33,52,120,3.05,OK
2026-04-17 01:05:59.625101,11,7,31,66,116,2.44,WARNING
2026-04-17 01:06:04.629321,10,7,30,61,128,2.65,WARNING
2026-04-17 01:06:09.635228,15,14,35,75,122,2.7,ERROR
2026-04-17 01:06:14.641193,12,7,34,67,120,2.62,OK
2026-04-17 01:06:19.641944,11,6,28,59,124,3.05,OK
2026-04-17 01:06:24.644697,13,11,36,61,106,2.36,ERROR
2026-04-17 01:06:29.645821,11,10,34,62,121,2.8,ERROR
2026-04-17 01:06:34.651773,14,11,36,73,120,2.64,WARNING
2026-04-17 01:06:39.657085,16,15,28,69,107,2.29,ERROR
2026-04-17 01:06:44.661854,11,10,34,72,123,3.14,ERROR
2026-04-17 01:06:49.667707,11,8,36,72,116,3.06,WARNING
2026-04-17 01:06:54.673758,13,9,35,63,103,2.45,WARNING
2026-04-17 01:06:59.679737,10,6,28,57,123,3.43,WARNING
2026-04-17 01:07:04.681127,10,4,31,52,119,2.8,OK
2026-04-17 01:07:09.686879,11,10,29,71,104,2.89,ERROR
2026-04-17 01:07:14.692864,11,5,31,69,103,3.05,OK
2026-04-17 01:07:19.696001,15,11,28,59,116,3.22,WARNING
2026-04-17 01:07:24.701672,16,15,31,61,104,2.15,ERROR
2026-04-17 01:07:29.707634,10,5,31,64,125,2.4,OK
2026-04-17 01:07:34.713586,11,10,34,60,114,2.34,ERROR
2026-04-17 01:07:39.714768,14,13,36,53,106,2.48,ERROR
2026-04-17 01:07:44.720409,12,10,30,64,112,2.75,ERROR
2026-04-17 01:07:49.726811,11,9,31,50,129,2.72,ERROR
2026-04-17 01:07:54.729234,14,8,36,68,105,2.55,OK
2026-04-17 01:07:59.734008,14,10,30,65,123,2.61,WARNING
2026-04-17 01:08:04.738800,11,9,30,65,113,3.41,ERROR
2026-04-17 01:08:09.740924,10,5,33,69,105,2.68,OK
2026-04-17 01:08:14.747038,14,11,34,55,111,2.41,WARNING
2026-04-17 01:08:19.754132,12,6,36,75,111,2.37,OK
2026-04-17 01:08:24.759057,11,7,29,64,114,2.18,WARNING
2026-04-17 01:08:29.764808,11,6,31,65,101,3.19,OK
2026-04-17 01:08:34.771289,16,11,33,70,107,2.95,OK
2026-04-17 01:08:39.777255,14,12,34,56,118,2.17,ERROR
2026-04-17 01:08:44.779196,16,13,31,57,110,3.21,WARNING
2026-04-17 01:08:49.782329,13,11,29,56,124,2.48,ERROR
2026-04-17 01:08:54.787399,13,9,34,75,115,2.21,WARNING
2026-04-17 01:08:59.793035,13,7,32,61,126,3.26,OK
2026-04-17 01:09:04.794825,14,9,31,51,128,2.77,OK
2026-04-17 01:09:09.800018,13,10,30,53,114,3.26,WARNING
2026-04-17 01:09:14.805444,12,10,35,66,113,2.57,ERROR
2026-04-17 01:09:19.811905,11,7,29,50,107,3.11,WARNING
2026-04-17 01:09:24.817586,10,6,35,68,114,2.59,WARNING
2026-04-17 01:09:29.822342,13,11,33,57,127,2.9,ERROR
2026-04-17 01:09:34.825434,16,10,36,51,124,2.62,OK
2026-04-17 01:09:39.826622,13,8,30,61,126,2.42,OK
2026-04-17 01:09:44.832022,14,13,29,62,124,2.86,ERROR
2026-04-17 01:09:49.836697,16,11,35,65,117,3.42,OK
2026-04-17 01:09:54.839063,12,6,35,64,130,3.19,OK
2026-04-17 01:09:59.844248,11,5,31,75,130,2.25,OK
2026-04-17 01:10:10.218049,12,10,28,70,130,2.59,ERROR
2026-04-17 01:10:15.223170,13,9,36,60,109,2.38,WARNING
2026-04-17 01:10:20.229163,14,13,29,69,117,2.7,ERROR
2026-04-17 01:10:25.231674,15,11,36,65,103,2.12,WARNING
2026-04-17 01:10:30.237270,11,7,32,69,107,3.33,WARNING
2026-04-17 01:10:35.240062,16,14,31,71,108,2.96,ERROR
2026-04-17 01:10:40.245177,10,5,34,75,127,2.95,OK
2026-04-17 01:10:45.251467,11,10,32,70,108,3.39,ERROR
2026-04-17 01:10:50.257488,11,5,29,52,111,2.97,OK
2026-04-17 01:10:55.264392,13,11,32,64,116,3.04,ERROR
2026-04-17 01:11:00.269866,16,11,31,65,117,2.56,OK
2026-04-17 01:11:05.272154,10,5,34,69,128,3.21,OK
2026-04-17 01:11:10.274820,13,7,29,56,110,2.68,OK
2026-04-17 01:11:15.277383,10,9,33,70,118,2.93,ERROR
2026-04-17 01:11:20.283333,14,10,33,60,115,3.14,WARNING
2026-04-17 01:11:25.290552,15,14,29,63,103,2.57,ERROR
2026-04-17 01:11:30.296946,13,7,36,71,115,2.01,OK
2026-04-17 01:11:35.302601,16,15,35,50,115,2.88,ERROR
2026-04-17 01:11:40.308233,11,7,33,52,127,2.84,WARNING
2026-04-17 01:11:45.310978,15,13,33,57,123,2.71,ERROR
2026-04-17 01:11:50.316629,11,6,35,71,129,2.89,OK
2026-04-17 01:11:55.322566,12,7,29,75,110,3.27,OK
2026-04-17 01:12:00.328436,14,12,28,75,123,2.63,ERROR
2026-04-17 01:12:05.330448,13,11,32,60,112,2.98,ERROR
2026-04-17 01:12:10.336467,11,6,30,50,106,2.91,OK
2026-04-17 01:12:15.342493,10,9,36,71,104,2.92,ERROR
2026-04-17 01:12:20.348040,16,13,31,59,126,2.11,WARNING
2026-04-17 01:12:25.354665,15,10,32,68,100,2.82,OK
2026-04-17 01:12:30.359780,15,9,33,55,107,2.35,OK
2026-04-17 01:12:35.363094,15,12,30,75,123,2.64,WARNING
2026-04-17 01:12:40.364823,15,11,36,73,102,2.48,WARNING
2026-04-17 01:12:45.370276,11,5,30,63,104,3.07,OK
2026-04-17 01:12:50.375611,16,13,30,53,112,2.65,WARNING
2026-04-17 01:12:55.382624,15,9,29,53,105,2.81,OK
2026-04-17 01:13:00.389207,13,11,36,73,103,3.18,ERROR
2026-04-17 01:13:05.394286,10,5,31,59,116,2.87,OK
2026-04-17 01:13:10.399539,13,10,28,74,112,2.63,WARNING
2026-04-17 01:13:15.403536,11,9,34,63,106,3.09,ERROR
2026-04-17 01:13:20.409561,15,10,30,68,104,3.0,OK
2026-04-17 01:13:25.415461,10,6,34,57,128,3.2,WARNING
2026-04-17 01:13:30.417069,13,11,32,52,128,3.47,ERROR
2026-04-17 01:13:35.419184,15,9,30,69,128,3.42,OK
2026-04-17 01:13:40.422635,14,11,36,69,125,2.02,WARNING
2026-04-17 01:13:45.428565,11,9,36,75,107,2.14,ERROR
2026-04-17 01:13:50.431903,16,12,36,73,119,3.26,WARNING
2026-04-17 01:13:55.437648,16,10,36,51,113,2.03,OK
2026-04-17 01:14:00.442427,12,7,34,60,117,2.56,OK
2026-04-17 01:14:05.448088,13,12,35,54,118,2.66,ERROR
2026-04-17 01:14:10.449478,12,6,36,55,130,2.48,OK
2026-04-17 01:14:15.454322,10,8,30,56,101,2.02,ERROR
2026-04-17 01:14:20.460372,15,9,29,73,105,3.46,OK
2026-04-17 01:14:25.462137,12,6,33,69,123,2.28,OK
2026-04-17 01:14:30.464259,12,6,34,57,115,2.0,OK
2026-04-17 01:14:35.470077,10,4,31,59,103,2.8,OK
2026-04-17 01:14:40.475750,12,9,30,64,118,2.76,WARNING
2026-04-17 01:14:45.481504,15,13,35,70,130,2.58,ERROR
2026-04-17 01:14:50.487079,14,12,29,51,105,3.17,ERROR
2026-04-17 01:14:55.492373,10,8,32,68,106,2.71,ERROR
2026-04-17 01:15:00.497499,11,6,29,51,113,3.24,OK
2026-04-17 01:15:05.502810,15,9,28,62,124,3.18,OK
2026-04-17 01:15:10.508125,13,12,33,58,127,2.09,ERROR
2026-04-17 01:15:15.513436,12,11,30,71,100,3.38,ERROR
2026-04-17 01:15:20.518650,13,12,29,51,114,2.2,ERROR
2026-04-17 01:15:25.524036,11,6,28,56,124,2.94,OK
2026-04-17 01:15:30.529422,11,5,29,68,115,2.4,OK
2026-04-17 01:15:35.534676,15,13,28,59,126,2.63,ERROR
2026-04-17 01:15:40.539957,13,8,30,75,125,3.12,OK
2026-04-17 01:15:45.545241,13,11,36,51,109,2.08,ERROR
2026-04-17 01:15:50.550440,10,5,28,50,106,2.72,OK
2026-04-17 01:15:55.555689,13,10,28,51,103,2.48,WARNING
2026-04-17 01:16:00.560896,16,10,33,67,103,3.42,OK
2026-04-17 01:16:05.566176,15,14,31,62,122,2.83,ERROR
2026-04-17 01:16:10.571466,10,4,29,68,100,2.95,OK
2026-04-17 01:16:15.576646,15,12,28,75,128,2.22,WARNING
2026-04-17 01:16:20.581750,11,8,28,51,101,2.2,WARNING
2026-04-17 01:16:25.587141,13,8,32,55,107,3.16,OK
2026-04-17 01:16:30.592475,16,13,33,53,107,2.19,WARNING
2026-04-17 01:16:35.598034,14,10,32,71,115,2.0,WARNING
2026-04-17 01:16:40.603285,15,10,32,62,101,2.66,OK
2026-04-17 01:16:45.608534,14,8,36,63,110,2.21,OK
2026-04-17 01:16:50.613707,14,11,36,62,129,2.39,WARNING
2026-04-17 01:16:55.618974,11,5,35,70,106,2.91,OK
2026-04-17 01:17:00.624126,15,13,32,55,126,2.65,ERROR
2026-04-17 01:17:05.629216,15,11,30,56,117,3.3,WARNING
2026-04-17 01:17:10.634437,15,13,34,67,130,2.34,ERROR
2026-04-17 01:17:15.639652,16,11,29,64,100,3.32,OK
2026-04-17 01:17:20.645119,16,11,36,73,100,2.89,OK
2026-04-17 01:17:25.650459,14,12,36,74,123,2.11,ERROR
2026-04-17 01:17:30.655750,14,13,36,75,128,2.09,ERROR
2026-04-17 01:17:35.660199,11,8,34,60,109,3.33,WARNING
2026-04-17 01:17:40.665309,11,7,30,75,127,3.4,WARNING
2026-04-17 01:17:45.670666,13,7,31,58,101,3.32,OK
2026-04-17 01:17:50.675968,15,12,30,67,100,2.48,WARNING
2026-04-17 01:17:55.681465,12,10,35,56,125,3.09,ERROR
2026-04-17 01:18:00.686769,13,7,30,75,117,2.14,OK
2026-04-17 01:18:05.692044,14,13,33,59,130,2.24,ERROR
2026-04-17 01:18:10.697239,12,7,28,75,109,2.77,OK
2026-04-17 01:18:15.702508,14,11,28,63,121,2.45,WARNING
2026-04-17 01:18:20.707781,16,15,36,63,101,2.3,ERROR
2026-04-17 01:18:25.712990,10,9,31,66,109,2.48,ERROR
2026-04-17 01:18:30.718616,15,13,29,60,114,3.18,ERROR
2026-04-17 01:18:35.723964,16,13,30,64,121,2.35,WARNING
2026-04-17 01:18:40.730181,13,11,32,64,113,2.58,ERROR
2026-04-17 01:18:45.735537,13,12,36,57,119,3.43,ERROR
2026-04-17 01:18:50.740850,14,13,30,72,120,2.24,ERROR
2026-04-17 01:18:55.746318,11,9,30,59,107,2.82,ERROR
2026-04-17 01:19:00.750298,13,7,28,66,105,3.08,OK
2026-04-17 01:19:05.755684,10,6,35,74,104,3.43,WARNING
2026-04-17 01:19:10.761386,16,15,30,53,126,3.0,ERROR
2026-04-17 01:19:15.766849,12,10,35,57,108,3.1,ERROR
2026-04-17 01:19:20.770133,14,8,36,74,116,2.47,OK
2026-04-17 01:20:10.847328,16,12,29,68,127,2.81,WARNING
2026-04-17 01:20:15.852507,11,7,32,61,112,3.06,WARNING
2026-04-17 01:20:20.859064,13,10,29,73,125,2.45,WARNING
2026-04-17 01:20:25.864031,11,10,28,72,116,2.05,ERROR
2026-04-17 01:20:35.807983,16,12,29,71,120,3.06,WARNING
2026-04-17 01:20:40.813897,13,9,32,54,108,2.13,WARNING
2026-04-17 01:20:45.819916,14,8,33,74,106,2.63,OK
2026-04-17 01:20:50.827732,12,11,32,71,111,2.29,ERROR
2026-04-17 01:20:55.833328,12,11,36,70,106,2.2,ERROR
2026-04-17 01:21:00.838891,15,10,29,59,105,2.12,OK
2026-04-17 01:21:05.843253,14,8,35,70,112,3.37,OK
2026-04-17 01:21:10.848895,12,6,35,53,118,2.0,OK
2026-04-17 01:21:15.855553,14,12,34,64,112,3.46,ERROR
2026-04-17 01:21:20.857180,12,9,29,60,109,2.32,WARNING
2026-04-17 01:21:25.858687,11,6,32,60,102,2.52,OK
2026-04-17 01:21:30.863901,11,5,35,55,112,2.51,OK
2026-04-17 01:21:35.867003,12,11,29,55,107,2.57,ERROR
2026-04-17 01:21:40.869793,14,13,36,53,107,2.18,ERROR
2026-04-17 01:21:45.871971,10,7,35,67,103,3.41,WARNING
2026-04-17 01:21:50.877460,13,9,35,68,122,3.35,WARNING
2026-04-17 01:21:55.879918,11,6,36,53,110,2.57,OK
2026-04-17 01:22:00.883813,10,4,28,50,125,2.87,OK
2026-04-17 01:22:05.888888,14,11,36,52,123,3.49,WARNING
2026-04-17 01:22:10.894499,14,10,32,71,123,3.16,WARNING
2026-04-17 01:22:15.895406,15,9,31,72,106,2.29,OK
2026-04-17 01:22:20.900961,13,9,28,69,106,3.25,WARNING
2026-04-17 01:22:25.905183,15,9,36,67,101,2.43,OK
2026-04-17 01:22:30.911179,12,7,30,64,127,3.05,OK
2026-04-17 01:22:35.915099,11,6,29,68,127,2.94,OK
2026-04-17 01:22:40.922031,16,12,36,53,100,2.7,WARNING
2026-04-17 01:22:45.926249,14,13,34,71,108,3.35,ERROR
2026-04-17 01:22:50.932921,13,8,30,63,117,3.32,OK
2026-04-17 01:22:55.938373,10,5,34,66,109,3.15,OK
2026-04-17 01:23:00.944864,14,13,28,64,120,3.45,ERROR
2026-04-17 01:23:05.949781,10,6,33,75,102,2.19,WARNING
2026-04-17 01:23:10.954574,15,11,31,71,119,2.83,WARNING
2026-04-17 01:23:15.960280,16,12,31,75,100,2.43,WARNING
2026-04-17 01:23:20.963700,11,7,34,70,107,2.49,WARNING
2026-04-17 01:23:25.969183,12,11,28,52,120,2.05,ERROR
2026-04-17 01:23:30.970217,13,12,33,63,103,3.12,ERROR
2026-04-17 01:23:35.975599,11,6,34,50,111,2.63,OK
2026-04-17 01:23:40.978187,10,7,35,53,125,2.6,WARNING
2026-04-17 01:23:45.984619,13,10,36,50,129,3.23,WARNING
2026-04-17 01:23:50.990303,12,6,36,75,102,3.25,OK
2026-04-17 01:23:55.996362,10,8,30,71,129,2.83,ERROR
2026-04-17 01:24:01.002195,14,10,32,55,130,2.42,WARNING
2026-04-17 01:24:06.007536,11,6,28,64,121,2.44,OK
2026-04-17 01:24:11.009079,13,12,34,72,125,2.07,ERROR
2026-04-17 01:24:16.010583,13,10,31,56,111,2.78,WARNING
2026-04-17 01:24:21.016230,11,9,36,50,130,2.24,ERROR
2026-04-17 01:24:26.017400,12,9,29,73,102,2.32,WARNING
2026-04-17 01:24:31.020622,15,13,35,61,129,2.77,ERROR
2026-04-17 01:24:36.023319,12,9,34,59,113,3.15,WARNING
2026-04-17 01:24:41.029556,13,11,32,69,112,2.48,ERROR
2026-04-17 01:24:46.035425,10,7,28,75,115,2.11,WARNING
2026-04-17 01:24:51.039356,12,10,31,67,105,3.21,ERROR
2026-04-17 01:24:56.044533,15,13,35,63,130,3.46,ERROR
2026-04-17 01:25:01.051053,11,7,34,62,117,2.77,WARNING
2026-04-17 01:25:06.056135,11,5,35,61,121,2.2,OK
2026-04-17 01:25:11.059773,15,14,31,63,129,2.05,ERROR
2026-04-17 01:25:16.066088,15,13,28,63,129,3.21,ERROR
2026-04-17 01:25:21.073357,15,13,29,59,126,3.24,ERROR
2026-04-17 01:25:26.079485,11,10,33,68,120,2.12,ERROR
2026-04-17 01:25:31.085342,15,9,33,51,115,2.26,OK
2026-04-17 01:25:36.088423,13,12,30,52,125,3.22,ERROR
2026-04-17 01:25:41.094784,10,5,33,53,125,3.38,OK
2026-04-17 01:25:46.095465,11,5,33,71,125,3.27,OK
2026-04-17 01:25:51.101440,15,14,34,73,104,3.05,ERROR
2026-04-17 01:25:56.103991,13,12,35,66,116,2.81,ERROR
2026-04-17 01:26:01.109317,13,8,28,74,121,2.78,OK
2026-04-17 01:26:06.115567,13,11,31,61,108,3.14,ERROR
2026-04-17 01:26:11.118704,15,13,36,62,113,2.99,ERROR
2026-04-17 01:26:16.124790,12,10,29,74,110,2.28,ERROR
2026-04-17 01:26:21.130380,14,11,30,69,103,2.78,WARNING
2026-04-17 01:26:26.135672,16,11,31,75,105,2.44,OK
2026-04-17 01:26:31.141025,15,13,30,52,120,2.35,ERROR
2026-04-17 01:26:36.143378,13,10,32,60,100,2.84,WARNING
2026-04-17 01:26:41.148800,12,9,29,68,114,2.55,WARNING
2026-04-17 01:26:46.154120,10,9,30,68,130,3.37,ERROR
2026-04-17 01:26:51.159562,10,4,36,70,128,2.92,OK
2026-04-17 01:26:56.164994,10,5,31,60,125,2.71,OK
2026-04-17 01:27:01.170173,10,6,30,71,112,2.72,WARNING
2026-04-17 01:27:06.175738,11,8,33,56,118,3.0,WARNING
2026-04-17 01:27:11.181445,14,12,32,63,125,2.56,ERROR
2026-04-17 01:27:16.184099,13,7,32,50,112,2.08,OK
2026-04-17 01:27:21.185136,13,7,28,53,117,3.09,OK
2026-04-17 01:27:26.191072,10,7,34,60,125,2.83,WARNING
2026-04-17 01:27:31.196514,11,5,30,62,123,2.01,OK
2026-04-17 01:27:36.202014,14,8,31,74,106,2.32,OK
2026-04-17 01:27:41.207533,11,10,33,55,108,2.88,ERROR
2026-04-17 01:27:46.213274,16,10,31,55,109,2.66,OK
2026-04-17 01:27:51.219600,14,12,35,61,126,2.58,ERROR
2026-04-17 01:27:56.226880,14,11,32,70,117,2.8,WARNING
2026-04-17 01:28:01.232672,16,12,28,55,120,2.01,WARNING
2026-04-17 01:28:06.235195,13,9,29,55,119,2.37,WARNING
2026-04-17 01:28:11.239710,12,11,35,59,106,2.0,ERROR
2026-04-17 01:28:16.244604,12,8,35,60,106,3.28,WARNING
2026-04-17 01:28:21.249161,11,5,28,50,121,2.58,OK
2026-04-17 01:28:26.254404,10,7,30,75,117,2.82,WARNING
2026-04-17 01:28:31.256531,11,8,36,60,108,2.67,WARNING
2026-04-17 01:28:36.257913,15,12,35,66,104,2.81,WARNING
2026-04-17 01:28:41.263761,10,8,33,66,125,2.42,ERROR
2026-04-17 01:28:46.268117,10,4,31,53,125,2.93,OK
2026-04-17 01:28:51.273773,10,6,29,71,111,2.51,WARNING
2026-04-17 01:28:56.275432,16,14,32,52,109,3.05,ERROR
2026-04-17 01:29:01.281544,16,12,35,58,122,2.71,WARNING
2026-04-17 01:29:06.284660,13,7,32,60,106,3.11,OK
2026-04-17 01:29:11.290155,10,5,36,62,128,2.59,OK
2026-04-17 01:29:16.294198,14,11,29,61,100,2.26,WARNING
2026-04-17 01:29:21.299142,13,10,28,60,130,2.06,WARNING
2026-04-17 01:29:26.300043,16,14,32,65,105,2.11,ERROR
2026-04-17 01:29:31.305387,11,7,30,73,107,2.06,WARNING
2026-04-17 01:29:36.310952,10,5,32,73,114,3.01,OK
2026-04-17 01:29:41.315060,16,14,30,50,101,2.4,ERROR
2026-04-17 01:29:46.318498,16,13,33,58,103,2.64,WARNING
2026-04-17 01:29:51.324725,10,6,32,59,125,2.52,WARNING
2026-04-17 01:29:56.330901,16,12,34,65,104,2.61,WARNING
2026-04-17 01:30:01.333665,12,11,33,56,117,2.44,ERROR
2026-04-17 01:30:06.339349,16,12,31,64,123,2.24,WARNING
2026-04-17 01:30:11.345416,11,6,36,66,105,2.42,OK
2026-04-17 01:30:16.351378,13,7,31,53,117,2.69,OK
2026-04-17 01:30:21.355917,15,12,29,72,115,2.49,WARNING
2026-04-17 01:30:26.361953,12,8,33,57,116,2.6,WARNING
2026-04-17 01:30:31.367541,11,9,35,58,105,3.38,ERROR
2026-04-17 01:30:36.371200,16,12,33,72,105,2.77,WARNING
2026-04-17 01:30:41.376654,11,5,35,68,129,2.73,OK
2026-04-17 01:30:46.381796,11,7,31,54,123,2.71,WARNING
2026-04-17 01:30:51.387011,16,11,31,57,121,2.95,OK
2026-04-17 01:30:56.392256,16,12,29,54,102,3.2,WARNING
2026-04-17 01:31:01.397434,11,10,34,55,119,3.47,ERROR
2026-04-17 01:31:06.403582,12,8,29,53,130,2.68,WARNING
2026-04-17 01:31:11.408415,13,12,30,55,122,3.19,ERROR
2026-04-17 01:31:16.414504,12,11,36,57,124,2.48,ERROR
2026-04-17 01:31:21.417756,13,12,30,65,119,2.3,ERROR
2026-04-17 01:31:26.422984,16,10,33,66,123,3.4,OK
2026-04-17 01:31:31.428263,15,10,30,57,110,2.07,OK
2026-04-17 01:31:36.429618,11,7,32,71,118,2.46,WARNING
2026-04-17 01:31:41.433413,14,12,30,50,123,2.89,ERROR
2026-04-17 01:31:46.438630,11,8,36,58,116,2.53,WARNING
2026-04-17 01:31:51.443990,13,7,28,59,109,3.33,OK
2026-04-17 01:31:56.448353,10,6,35,56,127,3.28,WARNING
2026-04-17 01:32:01.453678,10,9,34,58,123,3.36,ERROR
2026-04-17 01:32:06.458380,12,6,31,68,114,2.94,OK
2026-04-17 01:32:11.461970,11,7,33,51,116,2.47,WARNING
2026-04-17 01:32:16.467384,12,6,31,55,116,2.3,OK
2026-04-17 01:32:21.473419,13,8,31,62,103,2.64,OK
2026-04-17 01:32:26.478873,11,9,29,50,130,3.01,ERROR
2026-04-17 01:32:31.484219,13,11,35,74,111,2.99,ERROR
2026-04-17 01:32:36.488213,10,4,36,71,122,2.72,OK
2026-04-17 01:32:41.493522,12,9,31,59,110,3.14,WARNING
2026-04-17 01:32:46.498817,16,12,29,71,102,3.03,WARNING
2026-04-17 01:32:51.500950,12,11,35,70,106,2.57,ERROR
2026-04-17 01:32:56.506338,10,9,33,66,128,2.86,ERROR
2026-04-17 01:33:01.508596,16,11,32,58,104,2.36,OK
2026-04-17 01:33:06.513758,16,14,35,53,121,3.37,ERROR
2026-04-17 01:33:11.517624,16,13,32,68,124,2.2,WARNING
2026-04-17 01:33:16.523010,15,9,33,75,104,2.38,OK
2026-04-17 01:33:21.524879,15,12,31,60,125,2.89,WARNING
2026-04-17 01:33:26.530221,14,10,31,56,130,3.19,WARNING
2026-04-17 01:33:31.531491,16,12,30,62,112,3.36,WARNING
2026-04-17 01:33:36.532803,15,9,31,69,109,2.6,OK
2026-04-17 01:33:41.538111,12,9,29,73,106,2.56,WARNING
2026-04-17 01:33:46.543410,14,8,30,69,125,2.06,OK
2026-04-17 01:33:51.548515,14,8,28,74,125,3.08,OK
2026-04-17 01:33:56.552153,10,8,35,63,122,2.06,ERROR
2026-04-17 01:34:01.557543,12,10,35,66,100,2.78,ERROR
2026-04-17 01:34:06.562847,12,9,30,52,119,2.26,WARNING
2026-04-17 01:34:11.567492,16,13,35,68,119,2.16,WARNING
2026-04-17 01:34:16.573668,10,8,29,57,126,2.39,ERROR
2026-04-17 01:34:21.576284,13,12,35,56,110,2.44,ERROR
2026-04-17 01:34:26.579371,11,5,36,51,104,2.23,OK
2026-04-17 01:34:31.584352,11,5,32,53,118,2.79,OK
2026-04-17 01:34:36.585520,13,11,35,53,116,3.42,ERROR
2026-04-17 01:34:41.591531,11,8,33,71,116,2.11,WARNING
2026-04-17 01:34:46.593507,10,5,33,56,125,3.45,OK
2026-04-17 01:34:51.598964,14,11,31,70,129,2.95,WARNING
2026-04-17 01:34:56.604728,11,7,35,50,114,3.44,WARNING
2026-04-17 01:35:01.610135,13,10,34,55,125,2.05,WARNING
2026-04-17 01:35:06.613671,13,8,30,70,109,2.82,OK
2026-04-17 01:35:11.617385,11,5,33,61,107,2.61,OK
2026-04-17 01:35:16.622904,14,8,30,59,127,2.6,OK
2026-04-17 01:35:21.626779,14,8,34,68,116,2.25,OK
2026-04-17 01:35:26.633906,11,7,30,60,129,2.1,WARNING
2026-04-17 01:35:31.640016,13,9,32,54,114,2.96,WARNING
2026-04-17 01:35:36.642201,14,13,31,56,115,2.53,ERROR
2026-04-17 01:35:41.646409,10,8,29,69,101,2.96,ERROR
2026-04-17 01:35:46.649754,10,7,34,53,100,3.34,WARNING
2026-04-17 01:35:51.656418,16,12,35,61,114,3.25,WARNING
2026-04-17 01:35:56.660344,15,14,34,70,101,2.63,ERROR
2026-04-17 01:36:01.665856,12,8,31,63,129,3.17,WARNING
2026-04-17 01:36:06.671240,16,14,33,75,103,2.71,ERROR
2026-04-17 01:36:11.677354,13,10,31,54,128,2.6,WARNING
2026-04-17 01:36:16.683602,10,4,35,62,103,2.9,OK
2026-04-17 01:36:21.689631,16,12,32,57,122,3.14,WARNING
2026-04-17 01:36:26.694144,12,6,36,52,102,2.65,OK
2026-04-17 01:36:31.697786,15,13,35,65,119,3.08,ERROR
2026-04-17 01:36:36.703651,14,12,30,71,107,3.14,ERROR
2026-04-17 01:36:41.709879,16,10,32,52,124,3.02,OK
2026-04-17 01:36:46.715887,15,12,28,53,125,3.19,WARNING
2026-04-17 01:36:51.721925,10,8,34,74,114,3.08,ERROR
2026-04-17 01:36:56.723826,12,7,35,70,102,2.63,OK
2026-04-17 01:37:01.729705,15,13,29,61,119,2.84,ERROR
2026-04-17 01:37:06.733619,15,9,28,75,117,3.32,OK
2026-04-17 01:37:11.738235,13,11,34,72,111,3.46,ERROR
2026-04-17 01:37:16.742039,16,14,30,68,110,2.07,ERROR
2026-04-17 01:37:21.743959,16,10,29,50,120,3.25,OK
2026-04-17 01:37:26.750015,10,6,30,50,110,2.04,WARNING
2026-04-17 01:37:31.755727,13,7,30,66,128,3.35,OK
2026-04-17 01:37:36.756454,11,9,29,68,123,2.48,ERROR
2026-04-17 01:37:41.761372,12,7,30,53,116,3.09,OK
2026-04-17 01:37:46.767462,10,9,29,75,111,3.01,ERROR
2026-04-17 01:37:51.770284,12,6,32,66,129,3.15,OK
2026-04-17 01:37:56.776222,13,10,36,62,122,2.73,WARNING
2026-04-17 01:38:01.779597,16,11,36,67,121,3.33,OK
2026-04-17 01:38:06.782809,11,6,35,74,108,2.35,OK
2026-04-17 01:38:11.786855,13,7,34,74,103,3.08,OK
2026-04-17 01:38:16.789402,11,6,32,68,106,2.56,OK
2026-04-17 01:38:21.794009,15,11,33,74,107,2.29,WARNING
2026-04-17 01:38:26.799541,15,9,29,66,107,3.5,OK
2026-04-17 01:38:31.804309,10,6,29,62,117,3.3,WARNING
2026-04-17 01:38:36.809945,13,10,31,52,114,3.22,WARNING
2026-04-17 01:38:41.815868,15,9,29,50,118,3.0,OK
2026-04-17 01:38:46.821552,13,10,33,68,124,2.56,WARNING
2026-04-17 01:38:51.827301,10,7,28,53,129,3.45,WARNING
2026-04-17 01:38:56.832770,14,13,28,60,128,2.24,ERROR
2026-04-17 01:39:01.838397,13,8,36,64,129,2.54,OK
2026-04-17 01:39:06.844132,11,7,28,62,116,3.16,WARNING
2026-04-17 01:39:11.845776,11,9,31,59,124,2.83,ERROR
2026-04-17 01:39:16.847018,14,12,34,75,101,2.35,ERROR
2026-04-17 01:39:21.850308,13,10,34,67,110,3.28,WARNING
2026-04-17 01:39:26.856431,12,7,28,66,102,2.92,OK
2026-04-17 01:39:31.857493,15,14,29,52,116,2.33,ERROR
2026-04-17 01:39:36.862884,10,9,28,56,129,2.51,ERROR
2026-04-17 01:39:41.868852,10,9,34,69,106,2.5,ERROR
2026-04-17 01:39:46.874810,10,4,28,61,128,3.49,OK
2026-04-17 01:39:51.880638,12,6,30,71,126,3.49,OK
2026-04-17 01:39:56.886420,13,8,29,53,116,3.49,OK
2026-04-17 01:40:01.888109,14,9,35,74,120,2.09,OK
2026-04-17 01:40:06.889555,10,8,35,60,120,3.14,ERROR
